{
  "title": "Percent of All Campaign Spending with Percent of All<br> Income for the Top 0.01%, 1980 - 2016",
  "min_x": 1980,
  "min_y": 0.0085883,
  "max_x": 2016,
  "max_y": 0.4183,
  "has_multiaxis": false,
  "annotation1": "Share of All Campaign Contributions",
  "annotation2": "Share of National Income",
  "x": [
    1980,
    1981,
    1982,
    1983,
    1984,
    1985,
    1986,
    1987,
    1988,
    1989,
    1990,
    1991,
    1992,
    1993,
    1994,
    1995,
    1996,
    1997,
    1998,
    1999,
    2000,
    2001,
    2002,
    2003,
    2004,
    2005,
    2006,
    2007,
    2008,
    2009,
    2010,
    2011,
    2012,
    2013,
    2014,
    2015,
    2016
  ],
  "y": [
    [
      0.1554,
      NaN,
      0.0902,
      NaN,
      0.1189,
      NaN,
      0.1658,
      NaN,
      0.1227,
      NaN,
      0.1276,
      NaN,
      0.16,
      NaN,
      0.1598,
      NaN,
      0.195,
      NaN,
      0.1927,
      NaN,
      0.2254,
      NaN,
      0.2546,
      NaN,
      0.3076,
      NaN,
      0.2878,
      NaN,
      0.2919,
      NaN,
      0.3006,
      NaN,
      0.4183,
      NaN,
      0.3554,
      NaN,
      0.4038
    ],
    [
      0.0087417,
      0.0085883,
      0.0113316,
      0.0124418,
      0.0138481,
      0.0142108,
      0.0193593,
      0.0150394,
      0.0238846,
      0.0209858,
      0.0208018,
      0.0171626,
      0.0219917,
      0.0196833,
      0.0193253,
      0.02029,
      0.02414,
      0.02684,
      0.02917,
      0.03099,
      0.03435,
      0.02744,
      0.02579,
      0.0281,
      0.0347,
      0.04103,
      0.04357,
      0.04771,
      0.04097,
      0.03436,
      0.0393,
      0.03745,
      0.04525,
      0.03691,
      0.04023,
      0.03958,
      NaN
    ]
  ]
}